"concat","count"
Susan Davis,825
Gina Degeneres,753
Matthew Carrey,678
Mary Keitel,674
Angela Witherspoon,654
Walter Torn,640
Henry Berry,612
Jayne Nolte,611
Val Bolger,605
Sandra Kilmer,604
Sean Guiness,599
Angela Hudson,574
Scarlett Damon,572
Ewan Gooding,571
Kevin Garland,565
Warren Nolte,564
Jada Ryder,560
Cameron Zellweger,560
Woody Hoffman,560
Sidney Crowe,557
Helen Voight,557
Michael Bolger,553
Reese West,553
Christian Akroyd,552
Ben Willis,551
Julia Mcqueen,549
Reese Kilmer,548
Renee Tracy,546
Fay Winslet,543
Uma Wood,537
Mary Tandy,535
Natalie Hopkins,534
Kenneth Torn,532
Vivien Basinger,529
Whoopi Hurt,527
Vivien Bergen,527
Albert Nolte,524
Matthew Leigh,523
Mena Temple,523
Gregory Gooding,523
Albert Johansson,521
Ed Guiness,521
James Pitt,516
Lucille Tracy,516
Rip Crawford,513
Daryl Crawford,511
Warren Jackman,511
Ian Tandy,509
Julianne Dench,507
Jayne Neeson,504
Harvey Hope,504
Renee Ball,499
Jude Cruise,498
Karl Berry,497
Tom Miranda,496
Johnny Lollobrigida,496
Morgan Hopkins,494
Jodie Degeneres,493
Angelina Astaire,492
Groucho Dunst,492
Alec Wayne,492
Frances Day-Lewis,486
Kim Allen,486
Johnny Cage,482
Greta Keitel,482
Will Wilson,480
Nick Stallone,479
Grace Mostel,479
Ed Mansfield,478
Greta Malden,478
River Dean,476
Olympia Pfeiffer,475
Dustin Tautou,471
Kirk Jovovich,470
Woody Jolie,470
Rock Dukakis,469
Kenneth Hoffman,468
Alan Dreyfuss,467
Kirsten Akroyd,466
Daryl Wahlberg,466
Groucho Sinatra,465
Russell Temple,465
Richard Penn,465
Geoffrey Heston,462
Cate Harris,462
Penelope Pinkett,461
Cate Mcqueen,461
Penelope Cronyn,461
Cuba Olivier,460
Dan Harris,458
John Suvari,458
Ray Johansson,456
Burt Dukakis,456
Goldie Brody,454
Ralph Cruz,453
Kirsten Paltrow,452
Gene Mckellen,451
Bela Walken,450
Jayne Silverstone,450
Meryl Gibson,450
Morgan Williams,450
Burt Temple,444
Russell Bacall,442
Charlize Dench,439
Laurence Bullock,438
Gary Phoenix,435
Jon Chase,435
Penelope Monroe,434
Milla Peck,432
Milla Keitel,430
Mae Hoffman,427
Sean Williams,426
Meg Hawke,424
Gary Penn,423
Salma Nolte,420
Greg Chaplin,418
Elvis Marx,417
Humphrey Garland,416
Jane Jackman,414
Al Garland,413
Julia Barrymore,410
Carmen Hunt,409
Harrison Bale,407
William Hackman,407
Minnie Zellweger,404
Jessica Bailey,404
Burt Posey,404
Rip Winslet,404
Anne Cronyn,402
Zero Cage,398
Morgan Mcdormand,396
Humphrey Willis,394
Audrey Olivier,394
Fred Costner,393
Groucho Williams,393
Michael Bening,392
Ellen Presley,387
Nick Wahlberg,387
Fay Wood,386
Jim Mostel,385
Frances Tomei,385
Adam Hopper,381
Cuba Allen,381
Joe Swank,381
Meryl Allen,380
Gene Willis,380
Michelle Mcconaughey,378
Sylvester Dern,377
Christopher West,377
Tom Mckellen,375
Laura Brody,375
Liza Bergman,373
Christian Neeson,372
Christopher Berry,371
Debbie Akroyd,370
Lisa Monroe,368
Oprah Kilmer,366
Nick Degeneres,365
Lucille Dee,364
Scarlett Bening,363
Christian Gable,362
Cuba Birch,361
Kevin Bloom,360
Gene Hopkins,359
Chris Bridges,359
Spencer Depp,356
Mena Hopper,356
Parker Goldberg,352
Kenneth Paltrow,351
Thora Temple,346
Cary Mcconaughey,343
Fay Kilmer,336
Bob Fawcett,334
Audrey Bailey,333
Jeff Silverstone,325
Tim Hackman,324
Spencer Peck,322
Cameron Streep,318
Matthew Johansson,317
Ben Harris,314
Ed Chase,311
Dan Torn,306
Penelope Guiness,305
Cameron Wray,303
Russell Close,296
Rita Reynolds,294
Kenneth Pesci,292
Minnie Kilmer,291
Dan Streep,289
Sandra Peck,287
Chris Depp,283
Adam Grant,281
Bette Nicholson,279
Jennifer Davis,274
Julia Fawcett,255
Judy Dean,255
Sissy Sobieski,235
Julia Zellweger,221
Emily Dee,216
